email,name,balance
Catalina.Giselle.1@optiopay.com,Catalina Giselle,13941
Sacha.Micki.16@optiopay.com,Sacha Micki,14507
Brendan.Giuseppina.81@optiopay.com,Brendan Giuseppina,17863
Donnell.Ara.256@optiopay.com,Donnell Ara,8066
Catalina.Sebastian.625@optiopay.com,Catalina Sebastian,12368
Brendan.Sebastian.1296@optiopay.com,Brendan Sebastian,19033
Stephan.Elizbeth.2401@optiopay.com,Stephan Elizbeth,14364
Cecilia.Lise.4096@optiopay.com,Cecilia Lise,18817
Giuseppina.Micki.6561@optiopay.com,Giuseppina Micki,16275
Giuseppina.Catalina.10000@optiopay.com,Giuseppina Catalina,12603
Emelina.Giuseppina.14641@optiopay.com,Emelina Giuseppina,15225
Quinton.Catalina.20736@optiopay.com,Quinton Catalina,3546
Catalina.Lise.28561@optiopay.com,Catalina Lise,12117
Cristi.Sacha.38416@optiopay.com,Cristi Sacha,12568
Brendan.Yoshik.50625@optiopay.com,Brendan Yoshik,3947
Catalina.Lise.65536@optiopay.com,Catalina Lise,19164
Giselle.Roxann.83521@optiopay.com,Giselle Roxann,13448
Ladonna.Sacha.104976@optiopay.com,Ladonna Sacha,12120
Lise.Cecilia.130321@optiopay.com,Lise Cecilia,13082
Yoshik.Stephan.160000@optiopay.com,Yoshik Stephan,19334
Ladonna.Sebastian.4922@optiopay.com,Ladonna Sebastian,9868
Stephan.Brendan.44697@optiopay.com,Stephan Brendan,2730
Sebastian.Catalina.90282@optiopay.com,Sebastian Catalina,8390
Stephan.Sebastian.142217@optiopay.com,Stephan Sebastian,2095
Emelina.Wilton.11507@optiopay.com,Emelina Wilton,17476
Quinton.Elizbeth.77858@optiopay.com,Quinton Elizbeth,11894
Quinton.Ara.152323@optiopay.com,Quinton Ara,8221
Quinton.Micki.45979@optiopay.com,Quinton Micki,19120
Brendan.Yoshik.138604@optiopay.com,Brendan Yoshik,15381
Quinton.Elizbeth.51764@optiopay.com,Quinton Elizbeth,7890
Donnell.Giuseppina.165285@optiopay.com,Donnell Giuseppina,18226
Wilton.Wilton.100781@optiopay.com,Wilton Wilton,8049
Wilton.Stephan.48567@optiopay.com,Wilton Stephan,18114
Ladonna.Elizbeth.9423@optiopay.com,Ladonna Elizbeth,3727
Emelina.Donnell.173712@optiopay.com,Emelina Donnell,5827
Sacha.Emelina.163144@optiopay.com,Sacha Emelina,8890
Ladonna.Wilton.168130@optiopay.com,Ladonna Wilton,7224
Sacha.Brendan.189546@optiopay.com,Sacha Brendan,2149
Sebastian.Sebastian.38733@optiopay.com,Sebastian Sebastian,19784
Yoshik.Sacha.95733@optiopay.com,Yoshik Sacha,16878
Donnell.Sacha.171935@optiopay.com,Donnell Sacha,18814
Sacha.Giselle.78752@optiopay.com,Sacha Giselle,14129
Cristi.Giuseppina.6739@optiopay.com,Cristi Giuseppina,5863
Lise.Wilton.146475@optiopay.com,Lise Wilton,19950
Ladonna.Catalina.119886@optiopay.com,Ladonna Catalina,7423
Yoshik.Catalina.117599@optiopay.com,Yoshik Catalina,11388
Brendan.Sacha.140706@optiopay.com,Brendan Sacha,15718
Yoshik.Cecilia.764@optiopay.com,Yoshik Cecilia,18565
Cecilia.Sacha.78031@optiopay.com,Cecilia Sacha,11836
Giselle.Ara.184112@optiopay.com,Giselle Ara,3304
Donnell.Micki.130636@optiopay.com,Donnell Micki,15410
Stephan.Cristi.108374@optiopay.com,Stephan Cristi,14093
Lise.Giselle.118562@optiopay.com,Lise Giselle,8965
Elizbeth.Emelina.162460@optiopay.com,Elizbeth Emelina,14652
Ladonna.Sacha.51793@optiopay.com,Ladonna Sacha,4701
Roxann.Sacha.166987@optiopay.com,Roxann Sacha,9454
Yoshik.Roxann.130256@optiopay.com,Yoshik Roxann,5261
Cecilia.Roxann.132515@optiopay.com,Cecilia Roxann,17520
Ara.Micki.175144@optiopay.com,Ara Micki,17328
Sacha.Cecilia.69988@optiopay.com,Sacha Cecilia,14036
Micki.Sebastian.8034@optiopay.com,Micki Sebastian,14008
Roxann.Roxann.180293@optiopay.com,Roxann Roxann,3820
Brendan.Sacha.19564@optiopay.com,Brendan Sacha,17092
Sacha.Quinton.96024@optiopay.com,Sacha Quinton,16793
Elizbeth.Quinton.32079@optiopay.com,Elizbeth Quinton,11118
Giselle.Sacha.18836@optiopay.com,Giselle Sacha,18940
Sebastian.Giselle.57867@optiopay.com,Sebastian Giselle,10533
Wilton.Catalina.150768@optiopay.com,Wilton Catalina,15228
Emelina.Roxann.109600@optiopay.com,Emelina Roxann,18204
Giuseppina.Ara.125566@optiopay.com,Giuseppina Ara,9834
Yoshik.Sebastian.10775@optiopay.com,Yoshik Sebastian,7590
Catalina.Wilton.146037@optiopay.com,Catalina Wilton,5976
Giuseppina.Cecilia.153950@optiopay.com,Giuseppina Cecilia,17427
Roxann.Giuseppina.36254@optiopay.com,Roxann Giuseppina,18408
Sacha.Donnell.173831@optiopay.com,Sacha Donnell,18939
Giuseppina.Sacha.189351@optiopay.com,Giuseppina Sacha,15844
Roxann.Giuseppina.84626@optiopay.com,Roxann Giuseppina,7472
Micki.Micki.51051@optiopay.com,Micki Micki,2698
Micki.Wilton.90486@optiopay.com,Micki Wilton,14269
Elizbeth.Catalina.15256@optiopay.com,Elizbeth Catalina,7286
Yoshik.Micki.16828@optiopay.com,Yoshik Micki,13197
Quinton.Cecilia.97134@optiopay.com,Quinton Cecilia,2462
Micki.Wilton.68571@optiopay.com,Micki Wilton,11882
Donnell.Roxann.122678@optiopay.com,Donnell Roxann,19586
Giselle.Ara.71900@optiopay.com,Giselle Ara,5307
Sacha.Quinton.107824@optiopay.com,Sacha Quinton,2780
Yoshik.Giselle.42943@optiopay.com,Yoshik Giselle,14665
Wilton.Lise.68892@optiopay.com,Wilton Lise,2043
Stephan.Sacha.187771@optiopay.com,Stephan Sacha,12609
Brendan.Ladonna.22586@optiopay.com,Brendan Ladonna,17136
Roxann.Emelina.144162@optiopay.com,Roxann Emelina,15429
Cristi.Giselle.175553@optiopay.com,Cristi Giselle,4608
Quinton.Giselle.118955@optiopay.com,Quinton Giselle,9208
Giselle.Roxann.166147@optiopay.com,Giselle Roxann,3069
Stephan.Yoshik.129814@optiopay.com,Stephan Yoshik,13595
Giuseppina.Wilton.12224@optiopay.com,Giuseppina Wilton,12540
Roxann.Micki.5228@optiopay.com,Roxann Micki,16479
Quinton.Cecilia.111142@optiopay.com,Quinton Cecilia,12941
Roxann.Quinton.142747@optiopay.com,Roxann Quinton,10620
Giselle.Lise.102407@optiopay.com,Giselle Lise,18165
Emelina.Giuseppina.182069@optiopay.com,Emelina Giuseppina,16216
Ladonna.Lise.5027@optiopay.com,Ladonna Lise,12928
Stephan.Stephan.142394@optiopay.com,Stephan Stephan,4292
Wilton.Cecilia.27953@optiopay.com,Wilton Cecilia,11281
Roxann.Stephan.43306@optiopay.com,Roxann Stephan,15988
Cristi.Stephan.1402@optiopay.com,Cristi Stephan,17125
Ladonna.Donnell.94332@optiopay.com,Ladonna Donnell,12592
Wilton.Catalina.135093@optiopay.com,Wilton Catalina,10281
Brendan.Sacha.126265@optiopay.com,Brendan Sacha,19377
Wilton.Giuseppina.70452@optiopay.com,Wilton Giuseppina,3763
Donnell.Ara.159841@optiopay.com,Donnell Ara,14260
Ara.Wilton.17966@optiopay.com,Ara Wilton,9278
Cecilia.Micki.26621@optiopay.com,Cecilia Micki,15193
Giselle.Elizbeth.188506@optiopay.com,Giselle Elizbeth,17602
Ladonna.Brendan.127227@optiopay.com,Ladonna Brendan,2795
Donnell.Quinton.35091@optiopay.com,Donnell Quinton,18802
Ara.Giuseppina.104429@optiopay.com,Ara Giuseppina,17756
Micki.Wilton.148478@optiopay.com,Micki Wilton,14274
Cecilia.Cecilia.170058@optiopay.com,Cecilia Cecilia,3162
Roxann.Quinton.172013@optiopay.com,Roxann Quinton,9624
Ara.Giuseppina.157211@optiopay.com,Ara Giuseppina,3815
Brendan.Lise.128544@optiopay.com,Brendan Lise,7623
Lise.Wilton.88928@optiopay.com,Lise Wilton,4728
Quinton.Donnell.41303@optiopay.com,Quinton Donnell,12439
Wilton.Ara.178192@optiopay.com,Wilton Ara,13850
Quinton.Ladonna.123465@optiopay.com,Quinton Ladonna,9986
Giuseppina.Cecilia.69693@optiopay.com,Giuseppina Cecilia,3193
Yoshik.Quinton.19912@optiopay.com,Yoshik Quinton,19923
Wilton.Emelina.166741@optiopay.com,Wilton Emelina,19255
Giselle.Giselle.134146@optiopay.com,Giselle Giselle,8475
Stephan.Emelina.114794@optiopay.com,Stephan Emelina,7564
Ladonna.Micki.111817@optiopay.com,Ladonna Micki,4847
Roxann.Emelina.128371@optiopay.com,Roxann Emelina,18343
Giselle.Ara.167636@optiopay.com,Giselle Ara,19888
Micki.Brendan.43257@optiopay.com,Micki Brendan,2054
Emelina.Giuseppina.137580@optiopay.com,Emelina Giuseppina,2384
Sacha.Stephan.74739@optiopay.com,Sacha Stephan,3797
Micki.Elizbeth.47569@optiopay.com,Micki Elizbeth,3858
Quinton.Giuseppina.59370@optiopay.com,Quinton Giuseppina,15554
Catalina.Donnell.113466@optiopay.com,Catalina Donnell,7517
Stephan.Cecilia.23646@optiopay.com,Stephan Cecilia,6365
Quinton.Brendan.172400@optiopay.com,Quinton Brendan,4747
Elizbeth.Stephan.184006@optiopay.com,Elizbeth Stephan,6406
Yoshik.Elizbeth.61884@optiopay.com,Yoshik Elizbeth,8142
Roxann.Brendan.188596@optiopay.com,Roxann Brendan,14684
Catalina.Yoshik.188492@optiopay.com,Catalina Yoshik,12440
Giselle.Giuseppina.65064@optiopay.com,Giselle Giuseppina,11433
Yoshik.Micki.11387@optiopay.com,Yoshik Micki,19496
Ladonna.Quinton.31001@optiopay.com,Ladonna Quinton,19305
Sacha.Catalina.127470@optiopay.com,Sacha Catalina,3116
Catalina.Catalina.114823@optiopay.com,Catalina Catalina,11901
Catalina.Yoshik.186231@optiopay.com,Catalina Yoshik,18270
Ladonna.Cristi.155771@optiopay.com,Ladonna Cristi,19872
Lise.Roxann.27103@optiopay.com,Lise Roxann,9003
Giuseppina.Quinton.183029@optiopay.com,Giuseppina Quinton,10981
Cristi.Wilton.58580@optiopay.com,Cristi Wilton,4974
Emelina.Brendan.36606@optiopay.com,Emelina Brendan,8500
Emelina.Ladonna.120863@optiopay.com,Emelina Ladonna,4702
Cristi.Lise.125572@optiopay.com,Cristi Lise,17825
Giuseppina.Yoshik.54537@optiopay.com,Giuseppina Yoshik,14187
Cristi.Quinton.101145@optiopay.com,Cristi Quinton,5499
Giuseppina.Donnell.79689@optiopay.com,Giuseppina Donnell,18823
Ladonna.Yoshik.183604@optiopay.com,Ladonna Yoshik,10929
Giselle.Stephan.37672@optiopay.com,Giselle Stephan,10603
Donnell.Cristi.24935@optiopay.com,Donnell Cristi,17092
Cecilia.Stephan.149341@optiopay.com,Cecilia Stephan,17104
Elizbeth.Lise.35744@optiopay.com,Elizbeth Lise,11972
Lise.Roxann.67258@optiopay.com,Lise Roxann,17686
Lise.Wilton.58344@optiopay.com,Lise Wilton,11952
Giuseppina.Yoshik.13046@optiopay.com,Giuseppina Yoshik,5223
Giuseppina.Lise.124991@optiopay.com,Giuseppina Lise,14855
Lise.Sacha.19153@optiopay.com,Lise Sacha,13969
Emelina.Sacha.78766@optiopay.com,Emelina Sacha,11952
Lise.Lise.118411@optiopay.com,Lise Lise,17437
Lise.Catalina.142252@optiopay.com,Lise Catalina,14882
Ladonna.Donnell.154477@optiopay.com,Ladonna Donnell,12051
Cristi.Yoshik.159298@optiopay.com,Cristi Yoshik,6320
Ladonna.Micki.160951@optiopay.com,Ladonna Micki,4867
Micki.Sacha.163696@optiopay.com,Micki Sacha,17179
Catalina.Catalina.171817@optiopay.com,Catalina Catalina,15001
Emelina.Elizbeth.63@optiopay.com,Emelina Elizbeth,11618
Brendan.Quinton.31884@optiopay.com,Brendan Quinton,15862
Elizbeth.Giselle.82077@optiopay.com,Elizbeth Giselle,12427
Sebastian.Emelina.155022@optiopay.com,Sebastian Emelina,15821
Catalina.Yoshik.65564@optiopay.com,Catalina Yoshik,9586
Donnell.Sacha.7690@optiopay.com,Donnell Sacha,15775
Yoshik.Cecilia.175411@optiopay.com,Yoshik Cecilia,18220
Giuseppina.Sacha.4526@optiopay.com,Giuseppina Sacha,15216
Ara.Catalina.68212@optiopay.com,Ara Catalina,16063
Roxann.Stephan.181434@optiopay.com,Roxann Stephan,3054
Sebastian.Quinton.159181@optiopay.com,Sebastian Quinton,9049
Brendan.Micki.6025@optiopay.com,Brendan Micki,2778
Ara.Yoshik.105680@optiopay.com,Ara Yoshik,17256
Lise.Roxann.83648@optiopay.com,Lise Roxann,10751
Emelina.Ladonna.134132@optiopay.com,Emelina Ladonna,14925
Stephan.Ara.72241@optiopay.com,Stephan Ara,19026
Sacha.Emelina.92226@optiopay.com,Sacha Emelina,4068
Sebastian.Cecilia.9244@optiopay.com,Sebastian Cecilia,5223
Giuseppina.Roxann.17594@optiopay.com,Giuseppina Roxann,11470
Cecilia.Roxann.122040@optiopay.com,Cecilia Roxann,10697
Quinton.Lise.137811@optiopay.com,Quinton Lise,3624
Micki.Sebastian.69719@optiopay.com,Micki Sebastian,18927
Emelina.Giselle.112159@optiopay.com,Emelina Giselle,14862
Ladonna.Sebastian.80432@optiopay.com,Ladonna Sebastian,12589
Yoshik.Micki.168981@optiopay.com,Yoshik Micki,10805
Micki.Stephan.3596@optiopay.com,Micki Stephan,17092
Sebastian.Ladonna.157886@optiopay.com,Sebastian Ladonna,7425
Sebastian.Lise.68130@optiopay.com,Sebastian Lise,15832
Quinton.Roxann.118426@optiopay.com,Quinton Roxann,2451
Micki.Roxann.124219@optiopay.com,Micki Roxann,16750
Emelina.Roxann.90537@optiopay.com,Emelina Roxann,17537
Elizbeth.Sebastian.22432@optiopay.com,Elizbeth Sebastian,13383
Lise.Sebastian.114539@optiopay.com,Lise Sebastian,8515
Giselle.Yoshik.182399@optiopay.com,Giselle Yoshik,10609
Cristi.Micki.41577@optiopay.com,Cristi Micki,19662
Giselle.Cecilia.76339@optiopay.com,Giselle Cecilia,7276
Lise.Micki.102298@optiopay.com,Lise Micki,12305
Brendan.Stephan.124650@optiopay.com,Brendan Stephan,15191
Wilton.Giselle.148615@optiopay.com,Wilton Giselle,2460
Roxann.Emelina.179437@optiopay.com,Roxann Emelina,4885
Cristi.Donnell.32825@optiopay.com,Cristi Donnell,14009
Donnell.Sebastian.93189@optiopay.com,Donnell Sebastian,7047
Yoshik.Cristi.176286@optiopay.com,Yoshik Cristi,9856
Cristi.Giselle.97897@optiopay.com,Cristi Giselle,4450
Quinton.Sacha.52945@optiopay.com,Quinton Sacha,2225
Cristi.Elizbeth.46818@optiopay.com,Cristi Elizbeth,19339
Sacha.Giuseppina.84928@optiopay.com,Sacha Giuseppina,14194
Lise.Giuseppina.172711@optiopay.com,Lise Giuseppina,19150
Giselle.Cecilia.126068@optiopay.com,Giselle Cecilia,3388
Giuseppina.Donnell.140042@optiopay.com,Giuseppina Donnell,3770
Lise.Ladonna.30582@optiopay.com,Lise Ladonna,12307
Sebastian.Quinton.182338@optiopay.com,Sebastian Quinton,12649
Giselle.Ara.32189@optiopay.com,Giselle Ara,19818
Giselle.Brendan.154392@optiopay.com,Giselle Brendan,16845
Ara.Ara.175433@optiopay.com,Ara Ara,9679
Elizbeth.Yoshik.100940@optiopay.com,Elizbeth Yoshik,15063
Yoshik.Ladonna.126124@optiopay.com,Yoshik Ladonna,15160
Yoshik.Ara.67102@optiopay.com,Yoshik Ara,2447
Roxann.Brendan.119133@optiopay.com,Roxann Brendan,13543
Brendan.Cecilia.98382@optiopay.com,Brendan Cecilia,8581
Cecilia.Cristi.10597@optiopay.com,Cecilia Cristi,19468
Lise.Brendan.51109@optiopay.com,Lise Brendan,15077
Stephan.Stephan.36155@optiopay.com,Stephan Stephan,19765
Ara.Roxann.161114@optiopay.com,Ara Roxann,11143
Ladonna.Stephan.52712@optiopay.com,Ladonna Stephan,9328
Emelina.Lise.95935@optiopay.com,Emelina Lise,9662
Sebastian.Stephan.107116@optiopay.com,Sebastian Stephan,18742
Cecilia.Lise.92171@optiopay.com,Cecilia Lise,17430
Cristi.Elizbeth.57040@optiopay.com,Cristi Elizbeth,11629
Sebastian.Wilton.7687@optiopay.com,Sebastian Wilton,4976
Ara.Quinton.139659@optiopay.com,Ara Quinton,18236
Sebastian.Giuseppina.79850@optiopay.com,Sebastian Giuseppina,11352
Giselle.Sebastian.23855@optiopay.com,Giselle Sebastian,15341
Brendan.Giuseppina.167293@optiopay.com,Brendan Giuseppina,6603
Sebastian.Cristi.137130@optiopay.com,Sebastian Cristi,11410
Ladonna.Stephan.129033@optiopay.com,Ladonna Stephan,8412
Ara.Lise.149134@optiopay.com,Ara Lise,12863
Elizbeth.Donnell.14030@optiopay.com,Elizbeth Donnell,8757
Cristi.Cristi.109019@optiopay.com,Cristi Cristi,14689
Giselle.Giuseppina.61187@optiopay.com,Giselle Giuseppina,7049
Ladonna.Giselle.66321@optiopay.com,Ladonna Giselle,9588
Elizbeth.Catalina.130673@optiopay.com,Elizbeth Catalina,13508
Cristi.Giuseppina.70960@optiopay.com,Cristi Giuseppina,9705
Elizbeth.Lise.83041@optiopay.com,Elizbeth Lise,17040
Cristi.Wilton.173240@optiopay.com,Cristi Wilton,10356
Wilton.Ladonna.158346@optiopay.com,Wilton Ladonna,15651
Cecilia.Roxann.44731@optiopay.com,Cecilia Roxann,14840
Roxann.Giselle.28350@optiopay.com,Roxann Giselle,18132
Micki.Micki.115623@optiopay.com,Micki Micki,10347
Sacha.Yoshik.123435@optiopay.com,Sacha Yoshik,7475
Ara.Elizbeth.58254@optiopay.com,Ara Elizbeth,6482
Catalina.Stephan.116131@optiopay.com,Catalina Stephan,10123
Ladonna.Ladonna.114023@optiopay.com,Ladonna Ladonna,8520
Donnell.Cristi.58470@optiopay.com,Donnell Cristi,6618
Cecilia.Yoshik.145595@optiopay.com,Cecilia Yoshik,18890
Yoshik.Ladonna.2868@optiopay.com,Yoshik Ladonna,17606
Ara.Giselle.16019@optiopay.com,Ara Giselle,7181
Elizbeth.Roxann.2125@optiopay.com,Elizbeth Roxann,3875
Yoshik.Giuseppina.157405@optiopay.com,Yoshik Giuseppina,13325
Elizbeth.Cecilia.109425@optiopay.com,Elizbeth Cecilia,14928
Emelina.Ladonna.54452@optiopay.com,Emelina Ladonna,9905
Elizbeth.Stephan.188777@optiopay.com,Elizbeth Stephan,10693
Catalina.Wilton.140038@optiopay.com,Catalina Wilton,11885
Emelina.Giuseppina.104574@optiopay.com,Emelina Giuseppina,10964
Yoshik.Giuseppina.89189@optiopay.com,Yoshik Giuseppina,3571
Ladonna.Giuseppina.100711@optiopay.com,Ladonna Giuseppina,17503
Lise.Giuseppina.145992@optiopay.com,Lise Giuseppina,15519
Ladonna.Elizbeth.42349@optiopay.com,Ladonna Elizbeth,19969
Ara.Elizbeth.175800@optiopay.com,Ara Elizbeth,4238
Quinton.Sacha.174151@optiopay.com,Quinton Sacha,14418
Yoshik.Wilton.44350@optiopay.com,Yoshik Wilton,7795
Elizbeth.Lise.172487@optiopay.com,Elizbeth Lise,14573
Brendan.Donnell.186440@optiopay.com,Brendan Donnell,13540
Brendan.Sebastian.93229@optiopay.com,Brendan Sebastian,18452
Emelina.Brendan.89457@optiopay.com,Emelina Brendan,12327
Wilton.Micki.182192@optiopay.com,Wilton Micki,19581
Catalina.Quinton.188967@optiopay.com,Catalina Quinton,17510
Emelina.Lise.116898@optiopay.com,Emelina Lise,2382
Wilton.Sebastian.162684@optiopay.com,Wilton Sebastian,17511
Elizbeth.Emelina.143930@optiopay.com,Elizbeth Emelina,6136
